{
  "name": "ngmap",
  "version": "1.3.1",
  "main": "./build/scripts/ng-map.js",
  "homepage": "https://github.com/allenhwkim/angularjs-google-maps",
  "authors": [
    "Allen Kim <allenhwkim@gmail.com>"
  ],
  "description": "The Simplest AngularJs Google Maps V3 Directive Module",
  "keywords": [
    "angularjs",
    "angularjs-directive",
    "google-maps"
  ],
  "license": "MIT",
  "_release": "1.3.1",
  "_resolution": {
    "type": "version",
    "tag": "v1.3.1",
    "commit": "4c2bfb3eb54cf3256859b67581ba3b45e184d407"
  },
  "_source": "git://github.com/allenhwkim/angularjs-google-maps.git",
  "_target": "~1.3.1",
  "_originalSource": "ngmap",
  "_direct": true
}