{
  "name": "angular-socialshare",
  "main": "angular-socialshare.js",
  "version": "0.0.7",
  "authors": [
    "djds4rce <djd4rce@gmail.com>"
  ],
  "description": "Social Share buttons for AngularJS",
  "keywords": [
    "social",
    "googleplus",
    "facebook",
    "twitter",
    "linkdin"
  ],
  "license": "MIT",
  "ignore": [
    "**/.*",
    "node_modules",
    "bower_components",
    "test",
    "tests"
  ],
  "homepage": "https://github.com/djds4rce/angular-socialshare",
  "_release": "0.0.7",
  "_resolution": {
    "type": "version",
    "tag": "0.0.7",
    "commit": "4083f882b0ce92df277a97925a125e604176301f"
  },
  "_source": "git://github.com/djds4rce/angular-socialshare.git",
  "_target": "~0.0.7",
  "_originalSource": "angular-socialshare",
  "_direct": true
}